Date,CSUSHPISA,Year,Month,unemp,Interest,CPI,const_price_index,working_pop,Houses,per_capita_GDP,Num_household,Income,Subsidy,Urban_pop,Old_pop
2001-01-01,109.846,2001,1,4.2,5.62,175.6,142.0,180416623.5,175.6,36845.0,108209,66360.0,20.573,12.2969453233527,12.2969453233527
2001-02-01,110.5,2001,2,4.2,5.26,176.0,142.4,180577730.8,176.0,36967.0,108209,66360.0,20.573,12.2969453233527,12.2969453233527
2001-03-01,111.109,2001,3,4.3,4.89,176.1,142.4,180636104.8,176.1,37089.0,108209,66360.0,20.573,12.2969453233527,12.2969453233527
2001-04-01,111.652,2001,4,4.4,4.53,176.4,142.5,180905518.2,176.4,37211.0,108209,66360.0,20.573,12.2969453233527,12.2969453233527
2001-05-01,112.164,2001,5,4.3,4.02,177.3,144.2,181014608.3,177.3,37177.333333333336,108209,66360.0,20.573,12.2969453233527,12.2969453233527
2001-06-01,112.796,2001,6,4.5,3.74,177.7,144.3,181356522.9,177.7,37143.666666666664,108209,66360.0,20.573,12.2969453233527,12.2969453233527
2001-07-01,113.491,2001,7,4.6,3.66,177.4,143.4,181614328.8,177.4,37110.0,108209,66360.0,20.573,12.2969453233527,12.2969453233527
2001-08-01,114.167,2001,8,4.9,3.48,177.4,143.3,181828452.5,177.4,37151.333333333336,108209,66360.0,20.573,12.2969453233527,12.2969453233527
2001-09-01,114.81200000000001,2001,9,5.0,2.87,178.1,143.0,182056480.6,178.1,37192.666666666664,108209,66360.0,20.573,12.2969453233527,12.2969453233527
2001-10-01,115.31,2001,10,5.3,2.31,177.6,142.3,182236635.5,177.6,37234.0,108209,66360.0,20.573,12.2969453233527,12.2969453233527
2001-11-01,115.85700000000001,2001,11,5.5,2.03,177.5,142.1,182430585.0,177.5,37350.0,108209,66360.0,20.573,12.2969453233527,12.2969453233527
2001-12-01,116.455,2001,12,5.7,1.83,177.4,141.7,182641878.7,177.4,37466.0,108209,66360.0,20.573,12.2969453233527,12.2969453233527
2002-01-01,117.14399999999999,2002,1,5.7,1.74,177.7,142.0,182566431.9,177.7,37582.0,109297,65820.0,24.183,12.2874577893554,12.2874577893554
2002-02-01,117.845,2002,2,5.7,1.82,178.0,142.2,182798390.1,178.0,37674.666666666664,109297,65820.0,24.183,12.2874577893554,12.2874577893554
2002-03-01,118.68700000000001,2002,3,5.7,1.91,178.5,143.2,183078312.4,178.5,37767.333333333336,109297,65820.0,24.183,12.2874577893554,12.2874577893554
2002-04-01,119.611,2002,4,5.9,1.87,179.3,143.5,183260453.0,179.3,37860.0,109297,65820.0,24.183,12.2874577893554,12.2874577893554
2002-05-01,120.72399999999999,2002,5,5.8,1.82,179.5,143.8,183508212.5,179.5,37939.666666666664,109297,65820.0,24.183,12.2874577893554,12.2874577893554
2002-06-01,121.81299999999999,2002,6,5.8,1.81,179.6,144.3,183669058.4,179.6,38019.333333333336,109297,65820.0,24.183,12.2874577893554,12.2874577893554
2002-07-01,122.88799999999999,2002,7,5.8,1.79,180.0,144.7,183886883.5,180.0,38099.0,109297,65820.0,24.183,12.2874577893554,12.2874577893554
2002-08-01,123.83,2002,8,5.7,1.73,180.5,145.1,184159563.8,180.5,38157.333333333336,109297,65820.0,24.183,12.2874577893554,12.2874577893554
2002-09-01,124.78,2002,9,5.7,1.76,180.8,145.4,184422418.0,180.8,38215.666666666664,109297,65820.0,24.183,12.2874577893554,12.2874577893554
2002-10-01,125.735,2002,10,5.7,1.73,181.2,145.0,184554226.0,181.2,38274.0,109297,65820.0,24.183,12.2874577893554,12.2874577893554
2002-11-01,126.67,2002,11,5.9,1.39,181.5,144.6,184744733.2,181.5,38377.333333333336,109297,65820.0,24.183,12.2874577893554,12.2874577893554
2002-12-01,127.624,2002,12,6.0,1.34,181.8,144.3,184860046.2,181.8,38480.666666666664,109297,65820.0,24.183,12.2874577893554,12.2874577893554
2003-01-01,128.461,2003,1,5.8,1.29,182.6,144.4,185635346.4,182.6,38584.0,111278,65860.0,25.93,12.2779342993686,12.2779342993686
2003-02-01,129.355,2003,2,5.9,1.27,183.6,145.2,185869692.3,183.6,38714.666666666664,111278,65860.0,25.93,12.2779342993686,12.2779342993686
2003-03-01,130.148,2003,3,5.9,1.23,183.9,145.2,186085118.2,183.9,38845.333333333336,111278,65860.0,25.93,12.2779342993686,12.2779342993686
2003-04-01,130.884,2003,4,6.0,1.24,183.2,145.9,186470754.0,183.2,38976.0,111278,65860.0,25.93,12.2779342993686,12.2779342993686
2003-05-01,131.735,2003,5,6.1,1.22,182.9,145.8,186649078.0,182.9,39234.666666666664,111278,65860.0,25.93,12.2779342993686,12.2779342993686
2003-06-01,132.649,2003,6,6.3,1.04,183.1,146.1,186800679.6,183.1,39493.333333333336,111278,65860.0,25.93,12.2779342993686,12.2779342993686
2003-07-01,133.77700000000002,2003,7,6.2,1.05,183.7,147.0,187066500.3,183.7,39752.0,111278,65860.0,25.93,12.2779342993686,12.2779342993686
2003-08-01,134.969,2003,8,6.1,1.08,184.5,147.2,187304009.5,184.5,39955.333333333336,111278,65860.0,25.93,12.2779342993686,12.2779342993686
2003-09-01,136.29399999999998,2003,9,6.1,1.08,185.1,149.0,187538981.3,185.1,40158.666666666664,111278,65860.0,25.93,12.2779342993686,12.2779342993686
2003-10-01,137.531,2003,10,6.0,1.1,184.9,149.6,187738514.8,184.9,40362.0,111278,65860.0,25.93,12.2779342993686,12.2779342993686
2003-11-01,138.79399999999998,2003,11,5.8,1.11,185.0,150.2,187972351.6,185.0,40508.333333333336,111278,65860.0,25.93,12.2779342993686,12.2779342993686
2003-12-01,140.179,2003,12,5.7,1.1,185.5,149.7,188136094.9,185.5,40654.666666666664,111278,65860.0,25.93,12.2779342993686,12.2779342993686
2004-01-01,141.64600000000002,2004,1,5.7,1.06,186.3,150.0,187688839.5,186.3,40801.0,112000,65760.0,27.201,12.3047192322804,12.3047192322804
2004-02-01,143.192,2004,2,5.6,1.05,186.7,153.4,187876003.0,186.7,40986.666666666664,112000,65760.0,27.201,12.3047192322804,12.3047192322804
2004-03-01,145.059,2004,3,5.8,1.05,187.1,156.5,188058175.6,187.1,41172.333333333336,112000,65760.0,27.201,12.3047192322804,12.3047192322804
2004-04-01,146.593,2004,4,5.6,1.08,187.4,160.1,188320660.9,187.4,41358.0,112000,65760.0,27.201,12.3047192322804,12.3047192322804
2004-05-01,148.186,2004,5,5.6,1.2,188.2,162.7,188475226.1,188.2,41542.333333333336,112000,65760.0,27.201,12.3047192322804,12.3047192322804
2004-06-01,149.85,2004,6,5.6,1.46,188.9,162.0,188689296.3,188.9,41726.666666666664,112000,65760.0,27.201,12.3047192322804,12.3047192322804
2004-07-01,151.338,2004,7,5.5,1.57,189.1,162.2,188839779.7,189.1,41911.0,112000,65760.0,27.201,12.3047192322804,12.3047192322804
2004-08-01,152.63299999999998,2004,8,5.4,1.68,189.2,165.9,189070874.2,189.2,42127.666666666664,112000,65760.0,27.201,12.3047192322804,12.3047192322804
2004-09-01,154.179,2004,9,5.4,1.86,189.8,167.2,189216972.4,189.8,42344.333333333336,112000,65760.0,27.201,12.3047192322804,12.3047192322804
2004-10-01,155.75,2004,10,5.5,2.04,190.8,165.9,189444451.0,190.8,42561.0,112000,65760.0,27.201,12.3047192322804,12.3047192322804
2004-11-01,157.52700000000002,2004,11,5.4,2.26,191.7,165.5,189655307.8,191.7,42802.333333333336,112000,65760.0,27.201,12.3047192322804,12.3047192322804
2004-12-01,159.33,2004,12,5.4,2.45,191.7,166.3,189811053.4,191.7,43043.666666666664,112000,65760.0,27.201,12.3047192322804,12.3047192322804
2005-01-01,161.28799999999998,2005,1,5.3,2.61,191.6,168.6,189990144.5,191.6,43285.0,113343,66780.0,27.651,12.3601628768533,12.3601628768533
2005-02-01,163.344,2005,2,5.4,2.77,192.4,170.4,190144602.9,192.4,43429.333333333336,113343,66780.0,27.651,12.3601628768533,12.3601628768533
2005-03-01,165.812,2005,3,5.2,2.97,193.1,170.0,190460726.5,193.1,43573.666666666664,113343,66780.0,27.651,12.3601628768533,12.3601628768533
2005-04-01,167.50099999999998,2005,4,5.2,3.09,193.7,170.0,190466075.8,193.7,43718.0,113343,66780.0,27.651,12.3601628768533,12.3601628768533
2005-05-01,169.351,2005,5,5.1,3.22,193.6,168.1,190709890.6,193.6,43928.666666666664,113343,66780.0,27.651,12.3601628768533,12.3601628768533
2005-06-01,171.19,2005,6,5.0,3.38,193.7,167.8,190962474.6,193.7,44139.333333333336,113343,66780.0,27.651,12.3601628768533,12.3601628768533
2005-07-01,172.86,2005,7,5.0,3.57,194.9,167.2,191114390.0,194.9,44350.0,113343,66780.0,27.651,12.3601628768533,12.3601628768533
2005-08-01,174.442,2005,8,4.9,3.77,196.1,165.9,191266452.9,196.1,44516.666666666664,113343,66780.0,27.651,12.3601628768533,12.3601628768533
2005-09-01,176.438,2005,9,5.0,3.87,198.8,168.9,191438220.9,198.8,44683.333333333336,113343,66780.0,27.651,12.3601628768533,12.3601628768533
2005-10-01,178.028,2005,10,5.0,4.13,199.1,171.6,191655197.5,199.1,44850.0,113343,66780.0,27.651,12.3601628768533,12.3601628768533
2005-11-01,179.68,2005,11,5.0,4.31,198.1,172.7,191932856.8,198.1,45125.0,113343,66780.0,27.651,12.3601628768533,12.3601628768533
2005-12-01,180.91,2005,12,4.9,4.45,198.1,173.5,192145684.5,198.1,45400.0,113343,66780.0,27.651,12.3601628768533,12.3601628768533
2006-01-01,182.321,2006,1,4.7,4.56,199.3,177.2,192351175.1,199.3,45675.0,114384,67520.0,28.604,12.422071948027,12.422071948027
2006-02-01,183.287,2006,2,4.8,4.72,199.4,177.7,192542751.5,199.4,45813.0,114384,67520.0,28.604,12.422071948027,12.422071948027
2006-03-01,184.364,2006,3,4.7,4.88,199.7,178.3,192688879.1,199.7,45951.0,114384,67520.0,28.604,12.422071948027,12.422071948027
2006-04-01,184.329,2006,4,4.7,5.03,200.7,179.0,192814750.6,200.7,46089.0,114384,67520.0,28.604,12.422071948027,12.422071948027
2006-05-01,184.15599999999998,2006,5,4.6,5.15,201.3,179.9,192912759.2,201.3,46179.666666666664,114384,67520.0,28.604,12.422071948027,12.422071948027
2006-06-01,183.507,2006,6,4.6,5.35,201.8,180.7,193147767.0,201.8,46270.333333333336,114384,67520.0,28.604,12.422071948027,12.422071948027
2006-07-01,183.06799999999998,2006,7,4.7,5.46,202.9,182.3,193315277.7,202.9,46361.0,114384,67520.0,28.604,12.422071948027,12.422071948027
2006-08-01,182.59400000000002,2006,8,4.7,5.38,203.8,182.6,193456234.3,203.8,46509.666666666664,114384,67520.0,28.604,12.422071948027,12.422071948027
2006-09-01,182.798,2006,9,4.5,5.34,202.8,183.3,193556767.6,202.8,46658.333333333336,114384,67520.0,28.604,12.422071948027,12.422071948027
2006-10-01,183.19799999999998,2006,10,4.4,5.33,201.9,182.3,193703230.1,201.9,46807.0,114384,67520.0,28.604,12.422071948027,12.422071948027
2006-11-01,183.609,2006,11,4.5,5.32,202.0,179.8,193949729.6,202.0,46967.666666666664,114384,67520.0,28.604,12.422071948027,12.422071948027
2006-12-01,184.139,2006,12,4.4,5.32,203.1,179.8,194181587.9,203.1,47128.333333333336,114384,67520.0,28.604,12.422071948027,12.422071948027
2007-01-01,184.517,2007,1,4.6,5.32,203.437,181.1,194951758.8,203.437,47289.0,116011,68610.0,29.512,12.507803700301,12.507803700301
2007-02-01,184.59799999999998,2007,2,4.5,5.31,204.226,181.5,195126741.7,204.226,47460.0,116011,68610.0,29.512,12.507803700301,12.507803700301
2007-03-01,184.15,2007,3,4.4,5.3,205.288,182.5,195232594.4,205.288,47631.0,116011,68610.0,29.512,12.507803700301,12.507803700301
2007-04-01,183.01,2007,4,4.5,5.31,205.904,183.7,195285473.9,205.904,47802.0,116011,68610.0,29.512,12.507803700301,12.507803700301
2007-05-01,181.6,2007,5,4.4,5.31,206.755,184.0,195378957.8,206.755,47940.0,116011,68610.0,29.512,12.507803700301,12.507803700301
2007-06-01,180.25400000000002,2007,6,4.6,5.33,207.234,184.0,195626532.0,207.234,48078.0,116011,68610.0,29.512,12.507803700301,12.507803700301
2007-07-01,179.111,2007,7,4.7,5.32,207.603,184.2,195763504.1,207.603,48216.0,116011,68610.0,29.512,12.507803700301,12.507803700301
2007-08-01,178.11599999999999,2007,8,4.6,5.49,207.667,183.9,195850812.9,207.667,48341.333333333336,116011,68610.0,29.512,12.507803700301,12.507803700301
2007-09-01,177.558,2007,9,4.7,5.46,208.547,183.4,195981075.2,208.547,48466.666666666664,116011,68610.0,29.512,12.507803700301,12.507803700301
2007-10-01,176.62400000000002,2007,10,4.7,5.08,209.19,183.0,196079324.8,209.19,48592.0,116011,68610.0,29.512,12.507803700301,12.507803700301
2007-11-01,175.14700000000002,2007,11,4.7,4.97,210.834,183.3,196221924.6,210.834,48547.0,116011,68610.0,29.512,12.507803700301,12.507803700301
2007-12-01,174.342,2007,12,5.0,5.02,211.445,183.5,196456046.6,211.445,48502.0,116011,68610.0,29.512,12.507803700301,12.507803700301
2008-01-01,173.132,2008,1,5.0,3.84,212.174,184.3,196086885.6,212.174,48457.0,116783,66280.0,29.876,12.6708585039901,12.6708585039901
2008-02-01,171.541,2008,2,4.9,3.06,212.687,185.7,196234597.0,212.687,48596.333333333336,116783,66280.0,29.876,12.6708585039901,12.6708585039901
2008-03-01,170.053,2008,3,5.1,2.79,213.448,187.8,196399720.7,213.448,48735.666666666664,116783,66280.0,29.876,12.6708585039901,12.6708585039901
2008-04-01,168.338,2008,4,5.0,2.85,213.942,190.9,196185184.0,213.942,48875.0,116783,66280.0,29.876,12.6708585039901,12.6708585039901
2008-05-01,166.65900000000002,2008,5,5.4,2.66,215.208,195.8,196465025.8,215.208,48871.666666666664,116783,66280.0,29.876,12.6708585039901,12.6708585039901
2008-06-01,165.017,2008,6,5.6,2.76,217.463,200.4,196572840.0,217.463,48868.333333333336,116783,66280.0,29.876,12.6708585039901,12.6708585039901
2008-07-01,163.566,2008,7,5.8,2.79,219.016,203.4,196675087.1,219.016,48865.0,116783,66280.0,29.876,12.6708585039901,12.6708585039901
2008-08-01,161.987,2008,8,6.1,2.79,218.69,206.5,196811699.2,218.69,48509.666666666664,116783,66280.0,29.876,12.6708585039901,12.6708585039901
2008-09-01,160.308,2008,9,6.1,3.59,218.877,206.3,196983627.4,218.877,48154.333333333336,116783,66280.0,29.876,12.6708585039901,12.6708585039901
2008-10-01,158.327,2008,10,6.5,4.32,216.995,201.8,197148227.5,216.995,47799.0,116783,66280.0,29.876,12.6708585039901,12.6708585039901
2008-11-01,156.142,2008,11,6.8,2.36,213.153,199.6,197282903.0,213.153,47573.666666666664,116783,66280.0,29.876,12.6708585039901,12.6708585039901
2008-12-01,153.619,2008,12,7.3,1.77,211.398,194.8,197450630.7,211.398,47348.333333333336,116783,66280.0,29.876,12.6708585039901,12.6708585039901
2009-01-01,151.507,2009,1,7.8,1.02,211.933,193.3,196957168.1,211.933,47123.0,117181,65850.0,32.883,12.8562585688817,12.8562585688817
2009-02-01,150.015,2009,2,8.3,1.16,212.705,191.2,197130254.3,212.705,47037.0,117181,65850.0,32.883,12.8562585688817,12.8562585688817
2009-03-01,148.66,2009,3,8.7,1.07,212.495,190.2,197296740.8,212.495,46951.0,117181,65850.0,32.883,12.8562585688817,12.8562585688817
2009-04-01,147.94899999999998,2009,4,9.0,0.89,212.709,188.1,197765218.6,212.709,46865.0,117181,65850.0,32.883,12.8562585688817,12.8562585688817
2009-05-01,147.694,2009,5,9.4,0.57,213.022,186.9,197891891.9,213.022,46902.333333333336,117181,65850.0,32.883,12.8562585688817,12.8562585688817
2009-06-01,148.09,2009,6,9.5,0.39,214.79,187.1,197604115.3,214.79,46939.666666666664,117181,65850.0,32.883,12.8562585688817,12.8562585688817
2009-07-01,148.41,2009,7,9.5,0.35,214.726,187.6,197767457.7,214.726,46977.0,117181,65850.0,32.883,12.8562585688817,12.8562585688817
2009-08-01,148.278,2009,8,9.6,0.3,215.445,188.1,198115216.6,215.445,47159.666666666664,117181,65850.0,32.883,12.8562585688817,12.8562585688817
2009-09-01,148.025,2009,9,9.8,0.25,215.861,189.3,198362395.5,215.861,47342.333333333336,117181,65850.0,32.883,12.8562585688817,12.8562585688817
2009-10-01,147.85,2009,10,10.0,0.24,216.509,189.7,198618566.7,216.509,47525.0,117181,65850.0,32.883,12.8562585688817,12.8562585688817
2009-11-01,148.134,2009,11,9.9,0.21,217.234,189.2,198613900.5,217.234,47615.666666666664,117181,65850.0,32.883,12.8562585688817,12.8562585688817
2009-12-01,147.929,2009,12,9.9,0.22,217.347,189.4,198622777.2,217.347,47706.333333333336,117181,65850.0,32.883,12.8562585688817,12.8562585688817
2010-01-01,147.39600000000002,2010,1,9.8,0.2,217.488,190.3,198064131.6,217.488,47797.0,117538,64300.0,32.669,13.0281784974361,13.0281784974361
2010-02-01,145.631,2010,2,9.8,0.19,217.281,192.2,198328301.0,217.281,47999.0,117538,64300.0,32.669,13.0281784974361,13.0281784974361
2010-03-01,145.859,2010,3,9.9,0.23,217.353,193.7,198648956.1,217.353,48201.0,117538,64300.0,32.669,13.0281784974361,13.0281784974361
2010-04-01,146.403,2010,4,9.9,0.3,217.403,196.5,199116837.5,217.403,48403.0,117538,64300.0,32.669,13.0281784974361,13.0281784974361
2010-05-01,146.394,2010,5,9.6,0.45,217.29,198.9,199225487.9,217.29,48542.333333333336,117538,64300.0,32.669,13.0281784974361,13.0281784974361
2010-06-01,145.721,2010,6,9.4,0.52,217.199,197.2,198999262.4,217.199,48681.666666666664,117538,64300.0,32.669,13.0281784974361,13.0281784974361
2010-07-01,144.991,2010,7,9.4,0.41,217.605,195.6,199105074.4,217.605,48821.0,117538,64300.0,32.669,13.0281784974361,13.0281784974361
2010-08-01,143.916,2010,8,9.5,0.32,217.923,194.1,199360082.2,217.923,48966.0,117538,64300.0,32.669,13.0281784974361,13.0281784974361
2010-09-01,143.019,2010,9,9.5,0.28,218.275,193.9,199591386.9,218.275,49111.0,117538,64300.0,32.669,13.0281784974361,13.0281784974361
2010-10-01,142.531,2010,10,9.4,0.27,219.035,193.8,199860410.0,219.035,49256.0,117538,64300.0,32.669,13.0281784974361,13.0281784974361
2010-11-01,142.173,2010,11,9.8,0.27,219.59,193.6,199933840.0,219.59,49271.333333333336,117538,64300.0,32.669,13.0281784974361,13.0281784974361
2010-12-01,142.06,2010,12,9.3,0.3,220.472,194.2,199961557.4,220.472,49286.666666666664,117538,64300.0,32.669,13.0281784974361,13.0281784974361
2011-01-01,141.52100000000002,2011,1,9.1,0.29,221.187,195.9,199070588.3,221.187,49302.0,119927,63350.0,34.23,13.2702031218742,13.2702031218742
2011-02-01,140.35,2011,2,9.0,0.28,221.898,198.1,199328475.3,221.898,49492.333333333336,119927,63350.0,34.23,13.2702031218742,13.2702031218742
2011-03-01,139.981,2011,3,9.0,0.28,223.046,199.7,199524091.2,223.046,49682.666666666664,119927,63350.0,34.23,13.2702031218742,13.2702031218742
2011-04-01,140.01,2011,4,9.1,0.23,224.093,201.1,199950702.5,224.093,49873.0,119927,63350.0,34.23,13.2702031218742,13.2702031218742
2011-05-01,139.905,2011,5,9.0,0.21,224.806,201.6,200048232.6,224.806,49934.0,119927,63350.0,34.23,13.2702031218742,13.2702031218742
2011-06-01,139.862,2011,6,9.1,0.22,224.806,201.9,199917201.4,224.806,49995.0,119927,63350.0,34.23,13.2702031218742,13.2702031218742
2011-07-01,139.73,2011,7,9.0,0.24,225.395,202.6,200019712.8,225.395,50056.0,119927,63350.0,34.23,13.2702031218742,13.2702031218742
2011-08-01,139.309,2011,8,9.0,0.29,226.106,202.8,200121131.3,226.106,50228.333333333336,119927,63350.0,34.23,13.2702031218742,13.2702031218742
2011-09-01,138.668,2011,9,9.0,0.33,226.597,202.7,200261981.8,226.597,50400.666666666664,119927,63350.0,34.23,13.2702031218742,13.2702031218742
2011-10-01,137.952,2011,10,8.8,0.37,226.75,202.7,200456315.2,226.75,50573.0,119927,63350.0,34.23,13.2702031218742,13.2702031218742
2011-11-01,137.15200000000002,2011,11,8.6,0.41,227.169,202.2,200414593.2,227.169,50783.666666666664,119927,63350.0,34.23,13.2702031218742,13.2702031218742
2011-12-01,136.674,2011,12,8.5,0.49,227.223,202.2,200418323.2,227.223,50994.333333333336,119927,63350.0,34.23,13.2702031218742,13.2702031218742
2012-01-01,136.607,2012,1,8.3,0.4,227.842,203.9,201012879.3,227.842,51205.0,121084,63350.0,33.283,13.5844369333927,13.5844369333927
2012-02-01,136.533,2012,2,8.3,0.3,228.329,205.1,201108274.0,228.329,51321.333333333336,121084,63350.0,33.283,13.5844369333927,13.5844369333927
2012-03-01,137.904,2012,3,8.2,0.29,228.807,205.7,201199800.5,228.807,51437.666666666664,121084,63350.0,33.283,13.5844369333927,13.5844369333927
2012-04-01,139.154,2012,4,8.2,0.29,229.187,206.3,201473874.8,229.187,51554.0,121084,63350.0,33.283,13.5844369333927,13.5844369333927
2012-05-01,140.155,2012,5,8.2,0.29,228.713,206.5,201512387.2,228.713,51637.0,121084,63350.0,33.283,13.5844369333927,13.5844369333927
2012-06-01,141.03,2012,6,8.2,0.32,228.524,206.6,201442086.0,228.524,51720.0,121084,63350.0,33.283,13.5844369333927,13.5844369333927
2012-07-01,141.66899999999998,2012,7,8.2,0.3,228.59,206.2,201434361.6,228.59,51803.0,121084,63350.0,33.283,13.5844369333927,13.5844369333927
2012-08-01,142.279,2012,8,8.1,0.26,229.918,205.5,201503946.7,229.918,51873.666666666664,121084,63350.0,33.283,13.5844369333927,13.5844369333927
2012-09-01,142.908,2012,9,7.8,0.24,231.015,206.6,201622437.0,231.015,51944.333333333336,121084,63350.0,33.283,13.5844369333927,13.5844369333927
2012-10-01,143.6,2012,10,7.8,0.23,231.638,205.5,201721747.3,231.638,52015.0,121084,63350.0,33.283,13.5844369333927,13.5844369333927
2012-11-01,144.585,2012,11,7.7,0.23,231.249,205.6,201770072.0,231.249,52227.333333333336,121084,63350.0,33.283,13.5844369333927,13.5844369333927
2012-12-01,145.503,2012,12,7.9,0.24,231.221,206.4,201889077.5,231.221,52439.666666666664,121084,63350.0,33.283,13.5844369333927,13.5844369333927
2013-01-01,146.827,2013,1,8.0,0.23,231.679,208.4,201739926.7,231.679,52652.0,122459,65740.0,33.213,13.8910756761845,13.8910756761845
2013-02-01,147.784,2013,2,7.7,0.22,232.937,209.1,201879587.8,232.937,52706.666666666664,122459,65740.0,33.213,13.8910756761845,13.8910756761845
2013-03-01,149.963,2013,3,7.5,0.21,232.282,209.8,202092974.7,232.282,52761.333333333336,122459,65740.0,33.213,13.8910756761845,13.8910756761845
2013-04-01,151.519,2013,4,7.6,0.2,231.797,210.7,202114604.5,231.797,52816.0,122459,65740.0,33.213,13.8910756761845,13.8910756761845
2013-05-01,152.85,2013,5,7.5,0.2,231.893,209.5,202300530.3,231.893,53015.666666666664,122459,65740.0,33.213,13.8910756761845,13.8910756761845
2013-06-01,154.2,2013,6,7.5,0.19,232.445,208.8,202335339.6,232.445,53215.333333333336,122459,65740.0,33.213,13.8910756761845,13.8910756761845
2013-07-01,155.60399999999998,2013,7,7.3,0.14,232.9,208.3,202343929.3,232.9,53415.0,122459,65740.0,33.213,13.8910756761845,13.8910756761845
2013-08-01,156.965,2013,8,7.2,0.12,233.456,208.9,202433138.9,233.456,53627.0,122459,65740.0,33.213,13.8910756761845,13.8910756761845
2013-09-01,158.227,2013,9,7.2,0.11,233.544,208.9,202607857.4,233.544,53839.0,122459,65740.0,33.213,13.8910756761845,13.8910756761845
2013-10-01,159.24200000000002,2013,10,7.2,0.12,233.669,209.3,202635928.4,233.669,54051.0,122459,65740.0,33.213,13.8910756761845,13.8910756761845
2013-11-01,160.07399999999998,2013,11,6.9,0.12,234.1,209.8,202701720.3,234.1,54024.666666666664,122459,65740.0,33.213,13.8910756761845,13.8910756761845
2013-12-01,160.994,2013,12,6.7,0.14,234.719,209.8,202726176.2,234.719,53998.333333333336,122459,65740.0,33.213,13.8910756761845,13.8910756761845
2014-01-01,161.92700000000002,2014,1,6.6,0.12,235.288,211.7,202493411.9,235.288,53972.0,123229,64900.0,33.806,14.1355633751345,14.1355633751345
2014-02-01,162.525,2014,2,6.7,0.13,235.547,212.7,202561070.7,235.547,54274.0,123229,64900.0,33.806,14.1355633751345,14.1355633751345
2014-03-01,163.086,2014,3,6.7,0.12,236.028,213.4,202693607.0,236.028,54576.0,123229,64900.0,33.806,14.1355633751345,14.1355633751345
2014-04-01,163.393,2014,4,6.2,0.12,236.468,213.6,202799483.7,236.468,54878.0,123229,64900.0,33.806,14.1355633751345,14.1355633751345
2014-05-01,163.66,2014,5,6.3,0.11,236.918,214.3,202923873.3,236.918,55136.0,123229,64900.0,33.806,14.1355633751345,14.1355633751345
2014-06-01,164.06400000000002,2014,6,6.1,0.11,237.231,214.5,203093194.1,237.231,55394.0,123229,64900.0,33.806,14.1355633751345,14.1355633751345
2014-07-01,164.579,2014,7,6.2,0.13,237.498,214.8,203116450.8,237.498,55652.0,123229,64900.0,33.806,14.1355633751345,14.1355633751345
2014-08-01,165.215,2014,8,6.1,0.13,237.46,215.5,203209765.0,237.46,55724.333333333336,123229,64900.0,33.806,14.1355633751345,14.1355633751345
2014-09-01,165.905,2014,9,5.9,0.12,237.477,215.7,203253731.1,237.477,55796.666666666664,123229,64900.0,33.806,14.1355633751345,14.1355633751345
2014-10-01,166.641,2014,10,5.7,0.12,237.43,215.9,203283833.6,237.43,55869.0,123229,64900.0,33.806,14.1355633751345,14.1355633751345
2014-11-01,167.335,2014,11,5.8,0.13,236.983,215.8,203371703.6,236.983,55993.666666666664,123229,64900.0,33.806,14.1355633751345,14.1355633751345
2014-12-01,168.051,2014,12,5.6,0.15,236.252,215.5,203426054.9,236.252,56118.333333333336,123229,64900.0,33.806,14.1355633751345,14.1355633751345
2015-01-01,168.63400000000001,2015,1,5.7,0.16,234.747,215.8,203882371.3,234.747,56243.0,124587,68410.0,34.859,14.3277540980291,14.3277540980291
2015-02-01,169.12900000000002,2015,2,5.5,0.15,235.342,215.3,203937741.6,235.342,56433.666666666664,124587,68410.0,34.859,14.3277540980291,14.3277540980291
2015-03-01,169.799,2015,3,5.4,0.14,235.976,215.0,204002982.0,235.976,56624.333333333336,124587,68410.0,34.859,14.3277540980291,14.3277540980291
2015-04-01,170.298,2015,4,5.4,0.13,236.222,214.5,204017514.6,236.222,56815.0,124587,68410.0,34.859,14.3277540980291,14.3277540980291
2015-05-01,170.88,2015,5,5.6,0.15,237.001,213.7,204232987.7,237.001,56900.666666666664,124587,68410.0,34.859,14.3277540980291,14.3277540980291
2015-06-01,171.47099999999998,2015,6,5.3,0.18,237.657,213.7,204417752.6,237.657,56986.333333333336,124587,68410.0,34.859,14.3277540980291,14.3277540980291
2015-07-01,172.13299999999998,2015,7,5.2,0.19,238.034,213.7,204506088.9,238.034,57072.0,124587,68410.0,34.859,14.3277540980291,14.3277540980291
2015-08-01,172.93599999999998,2015,8,5.1,0.26,238.033,213.3,204556122.8,238.033,57066.333333333336,124587,68410.0,34.859,14.3277540980291,14.3277540980291
2015-09-01,173.828,2015,9,5.0,0.27,237.498,212.5,204527761.7,237.498,57060.666666666664,124587,68410.0,34.859,14.3277540980291,14.3277540980291
2015-10-01,174.792,2015,10,5.0,0.25,237.733,212.4,204580177.1,237.733,57055.0,124587,68410.0,34.859,14.3277540980291,14.3277540980291
2015-11-01,175.738,2015,11,5.1,0.3,238.017,211.7,204606894.7,238.017,57114.666666666664,124587,68410.0,34.859,14.3277540980291,14.3277540980291
2015-12-01,176.544,2015,12,5.0,0.54,237.761,210.9,204720548.4,237.761,57174.333333333336,124587,68410.0,34.859,14.3277540980291,14.3277540980291
2016-01-01,177.274,2016,1,4.8,0.57,237.652,211.4,205109771.4,237.652,57234.0,125819,70840.0,37.55,14.672311496844,14.672311496844
2016-02-01,177.649,2016,2,4.9,0.54,237.336,211.3,205162885.8,237.336,57391.0,125819,70840.0,37.55,14.672311496844,14.672311496844
2016-03-01,178.16400000000002,2016,3,5.0,0.55,238.08,211.6,205294868.1,238.08,57548.0,125819,70840.0,37.55,14.672311496844,14.672311496844
2016-04-01,178.766,2016,4,5.1,0.55,238.992,212.7,205241855.3,238.992,57705.0,125819,70840.0,37.55,14.672311496844,14.672311496844
2016-05-01,179.429,2016,5,4.8,0.57,239.557,213.7,205444475.6,239.557,57851.333333333336,125819,70840.0,37.55,14.672311496844,14.672311496844
2016-06-01,180.084,2016,6,4.9,0.55,240.222,214.6,205611840.1,240.222,57997.666666666664,125819,70840.0,37.55,14.672311496844,14.672311496844
2016-07-01,180.834,2016,7,4.8,0.62,240.101,215.3,205721546.2,240.101,58144.0,125819,70840.0,37.55,14.672311496844,14.672311496844
2016-08-01,181.85,2016,8,4.9,0.73,240.545,216.0,205719976.0,240.545,58308.0,125819,70840.0,37.55,14.672311496844,14.672311496844
2016-09-01,182.82299999999998,2016,9,5.0,0.75,241.176,215.3,205746285.8,241.176,58472.0,125819,70840.0,37.55,14.672311496844,14.672311496844
2016-10-01,183.75,2016,10,4.9,0.72,241.741,214.8,205823439.4,241.741,58636.0,125819,70840.0,37.55,14.672311496844,14.672311496844
2016-11-01,184.75900000000001,2016,11,4.7,0.71,242.026,214.5,205811828.2,242.026,58801.333333333336,125819,70840.0,37.55,14.672311496844,14.672311496844
2016-12-01,185.725,2016,12,4.7,0.87,242.637,215.5,205949625.6,242.637,58966.666666666664,125819,70840.0,37.55,14.672311496844,14.672311496844
2017-01-01,186.805,2017,1,4.7,0.9,243.618,217.3,205344403.8,243.618,59132.0,126224,72090.0,35.771,15.0662903997382,15.0662903997382
2017-02-01,187.313,2017,2,4.6,0.87,244.006,218.8,205351513.9,244.006,59263.666666666664,126224,72090.0,35.771,15.0662903997382,15.0662903997382
2017-03-01,187.99200000000002,2017,3,4.4,0.98,243.892,219.7,205267918.4,243.892,59395.333333333336,126224,72090.0,35.771,15.0662903997382,15.0662903997382
2017-04-01,188.72400000000002,2017,4,4.4,1.03,244.193,221.0,205393193.9,244.193,59527.0,126224,72090.0,35.771,15.0662903997382,15.0662903997382
2017-05-01,189.61599999999999,2017,5,4.4,1.05,244.004,221.7,205502426.8,244.004,59750.0,126224,72090.0,35.771,15.0662903997382,15.0662903997382
2017-06-01,190.513,2017,6,4.3,1.16,244.163,221.9,205687226.3,244.163,59973.0,126224,72090.0,35.771,15.0662903997382,15.0662903997382
2017-07-01,191.45,2017,7,4.3,1.22,244.243,221.9,205738306.6,244.243,60196.0,126224,72090.0,35.771,15.0662903997382,15.0662903997382
2017-08-01,192.66299999999998,2017,8,4.4,1.25,245.183,222.4,205719781.1,245.183,60512.666666666664,126224,72090.0,35.771,15.0662903997382,15.0662903997382
2017-09-01,193.75900000000001,2017,9,4.3,1.25,246.435,223.1,205689659.7,246.435,60829.333333333336,126224,72090.0,35.771,15.0662903997382,15.0662903997382
2017-10-01,194.805,2017,10,4.2,1.26,246.626,223.9,205674728.2,246.626,61146.0,126224,72090.0,35.771,15.0662903997382,15.0662903997382
2017-11-01,195.958,2017,11,4.2,1.32,247.284,223.9,205660685.3,247.284,61417.333333333336,126224,72090.0,35.771,15.0662903997382,15.0662903997382
2017-12-01,197.178,2017,12,4.1,1.54,247.805,224.1,205804333.9,247.805,61688.666666666664,126224,72090.0,35.771,15.0662903997382,15.0662903997382
2018-01-01,198.31400000000002,2018,1,4.0,1.63,248.859,225.8,206344543.1,248.859,61960.0,127586,73030.0,38.859,15.3976975750778,15.3976975750778
2018-02-01,199.227,2018,2,4.1,1.78,249.529,228.7,206312186.6,249.529,62188.666666666664,127586,73030.0,38.859,15.3976975750778,15.3976975750778
2018-03-01,199.96099999999998,2018,3,4.0,2.08,249.577,231.3,206372831.7,249.577,62417.333333333336,127586,73030.0,38.859,15.3976975750778,15.3976975750778
2018-04-01,200.655,2018,4,4.0,2.2,250.227,232.4,206276661.9,250.227,62646.0,127586,73030.0,38.859,15.3976975750778,15.3976975750778
2018-05-01,201.423,2018,5,3.8,2.16,250.792,236.8,206525473.4,250.792,62834.0,127586,73030.0,38.859,15.3976975750778,15.3976975750778
2018-06-01,202.237,2018,6,4.0,2.19,251.018,239.2,206659173.8,251.018,63022.0,127586,73030.0,38.859,15.3976975750778,15.3976975750778
2018-07-01,202.907,2018,7,3.8,2.17,251.214,239.6,206655624.8,251.214,63210.0,127586,73030.0,38.859,15.3976975750778,15.3976975750778
2018-08-01,203.688,2018,8,3.8,2.19,251.663,239.4,206658042.8,251.663,63299.666666666664,127586,73030.0,38.859,15.3976975750778,15.3976975750778
2018-09-01,204.35299999999998,2018,9,3.7,2.24,252.182,240.0,206634780.4,252.182,63389.333333333336,127586,73030.0,38.859,15.3976975750778,15.3976975750778
2018-10-01,205.12,2018,10,3.8,2.37,252.772,238.7,206625758.0,252.772,63479.0,127586,73030.0,38.859,15.3976975750778,15.3976975750778
2018-11-01,205.679,2018,11,3.8,2.56,252.594,238.8,206649232.1,252.594,63645.0,127586,73030.0,38.859,15.3976975750778,15.3976975750778
2018-12-01,206.169,2018,12,3.9,2.69,252.767,238.3,206768336.7,252.767,63811.0,127586,73030.0,38.859,15.3976975750778,15.3976975750778
2019-01-01,206.53900000000002,2019,1,4.0,2.59,252.718,238.5,206195133.0,252.718,63977.0,128579,78250.0,40.185,15.7918008297391,15.7918008297391
2019-02-01,206.84799999999998,2019,2,3.8,2.49,253.322,238.1,206161240.5,253.322,64236.0,128579,78250.0,40.185,15.7918008297391,15.7918008297391
2019-03-01,207.047,2019,3,3.8,2.48,254.202,238.1,206102863.9,254.202,64495.0,128579,78250.0,40.185,15.7918008297391,15.7918008297391
2019-04-01,207.50599999999997,2019,4,3.6,2.47,255.211,237.2,206172550.8,255.211,64754.0,128579,78250.0,40.185,15.7918008297391,15.7918008297391
2019-05-01,208.138,2019,5,3.7,2.44,255.29,237.3,206450918.0,255.29,65034.333333333336,128579,78250.0,40.185,15.7918008297391,15.7918008297391
2019-06-01,208.65900000000002,2019,6,3.6,2.3,255.159,236.3,206561471.8,255.159,65314.666666666664,128579,78250.0,40.185,15.7918008297391,15.7918008297391
2019-07-01,209.262,2019,7,3.7,2.22,255.685,235.6,206406247.3,255.685,65595.0,128579,78250.0,40.185,15.7918008297391,15.7918008297391
2019-08-01,210.102,2019,8,3.7,2.06,256.059,234.4,206400190.5,256.059,65773.0,128579,78250.0,40.185,15.7918008297391,15.7918008297391
2019-09-01,210.91299999999998,2019,9,3.5,2.03,256.511,234.4,206317796.0,256.511,65951.0,128579,78250.0,40.185,15.7918008297391,15.7918008297391
2019-10-01,211.808,2019,10,3.6,1.88,257.244,233.8,206248793.3,257.244,66129.0,128579,78250.0,40.185,15.7918008297391,15.7918008297391
2019-11-01,212.805,2019,11,3.6,1.77,257.803,232.8,206324586.9,257.803,65910.33333333333,128579,78250.0,40.185,15.7918008297391,15.7918008297391
2019-12-01,213.955,2019,12,3.6,1.76,258.616,232.2,206397971.6,258.616,65691.66666666667,128579,78250.0,40.185,15.7918008297391,15.7918008297391
2020-01-01,214.99400000000003,2020,1,3.5,1.65,259.037,233.4,205738360.6,259.037,65473.0,128451,76660.0,44.147,16.2234001500798,16.2234001500798
2020-02-01,215.83700000000002,2020,2,3.5,1.59,259.248,234.6,205608674.6,259.248,63660.0,128451,76660.0,44.147,16.2234001500798,16.2234001500798
2020-03-01,216.365,2020,3,4.4,1.35,258.124,236.3,205444402.0,258.124,61847.0,128451,76660.0,44.147,16.2234001500798,16.2234001500798
2020-05-01,216.987,2020,5,13.2,0.17,255.868,233.3,206806811.9,255.868,61765.666666666664,128451,76660.0,44.147,16.2234001500798,16.2234001500798
2020-06-01,217.63,2020,6,11.0,0.2,256.986,234.8,205516631.8,256.986,63497.333333333336,128451,76660.0,44.147,16.2234001500798,16.2234001500798
2020-07-01,219.322,2020,7,10.2,0.18,258.278,237.0,205383291.4,258.278,65229.0,128451,76660.0,44.147,16.2234001500798,16.2234001500798
2020-08-01,222.424,2020,8,8.4,0.15,259.411,240.9,205756722.0,259.411,65596.0,128451,76660.0,44.147,16.2234001500798,16.2234001500798
2020-09-01,225.85299999999998,2020,9,7.9,0.13,260.029,246.9,206102392.9,260.029,65963.0,128451,76660.0,44.147,16.2234001500798,16.2234001500798
2020-10-01,229.78099999999998,2020,10,6.9,0.12,260.286,246.4,206062967.9,260.286,66330.0,128451,76660.0,44.147,16.2234001500798,16.2234001500798
2020-11-01,233.235,2020,11,6.7,0.16,260.813,244.3,206157848.3,260.813,66911.66666666667,128451,76660.0,44.147,16.2234001500798,16.2234001500798
2020-12-01,236.521,2020,12,6.7,0.17,262.035,248.0,206072530.6,262.035,67493.33333333333,128451,76660.0,44.147,16.2234001500798,16.2234001500798
2021-01-01,239.55900000000003,2021,1,6.3,0.14,262.65,256.4,204942957.9,262.65,68075.0,129224,76330.0,45.299,16.6788954868121,16.6788954868121
2021-02-01,242.325,2021,2,6.2,0.11,263.638,264.6,204900632.5,263.638,68758.66666666667,129224,76330.0,45.299,16.6788954868121,16.6788954868121
2021-03-01,245.40200000000002,2021,3,6.1,0.1,264.914,276.7,205013086.6,264.914,69442.33333333333,129224,76330.0,45.299,16.6788954868121,16.6788954868121
2021-04-01,249.055,2021,4,6.1,0.11,266.67,291.8,205390471.0,266.67,70126.0,129224,76330.0,45.299,16.6788954868121,16.6788954868121
2021-05-01,253.426,2021,5,5.8,0.1,268.444,305.9,205611509.1,268.444,70640.66666666667,129224,76330.0,45.299,16.6788954868121,16.6788954868121
2021-06-01,258.381,2021,6,5.9,0.09,270.559,315.7,205376626.0,270.559,71155.33333333333,129224,76330.0,45.299,16.6788954868121,16.6788954868121
2021-07-01,262.707,2021,7,5.4,0.1,271.764,313.542,205344083.1,271.764,71670.0,129224,76330.0,45.299,16.6788954868121,16.6788954868121
2021-08-01,266.921,2021,8,5.2,0.1,272.87,313.083,205334928.6,272.87,72475.0,129224,76330.0,45.299,16.6788954868121,16.6788954868121
2021-09-01,270.402,2021,9,4.8,0.1,274.028,317.136,205452287.6,274.028,73280.0,129224,76330.0,45.299,16.6788954868121,16.6788954868121
2021-10-01,273.769,2021,10,4.5,0.11,276.522,322.12,205370913.4,276.522,74085.0,129224,76330.0,45.299,16.6788954868121,16.6788954868121
2021-11-01,277.251,2021,11,4.2,0.14,278.711,328.94,205364326.7,278.711,74446.0,129224,76330.0,45.299,16.6788954868121,16.6788954868121
2021-12-01,281.393,2021,12,3.9,0.17,280.887,335.032,205320479.4,280.887,74807.0,129224,76330.0,45.299,16.6788954868121,16.6788954868121
2022-01-01,285.921,2022,1,4.0,0.22,282.599,345.742,207106806.9,282.599,75168.0,131202,74580.0,48.021,17.1281205454528,17.1281205454528
2022-02-01,291.09,2022,2,3.8,0.38,284.61,343.583,207104221.8,284.61,75657.33333333333,131202,74580.0,48.021,17.1281205454528,17.1281205454528
2022-03-01,296.353,2022,3,3.6,0.73,287.472,345.852,207013003.7,287.472,76146.66666666667,131202,74580.0,48.021,17.1281205454528,17.1281205454528
2022-04-01,300.55,2022,4,3.6,0.91,288.611,343.786,207064955.4,288.611,76636.0,131202,74580.0,48.021,17.1281205454528,17.1281205454528
2022-05-01,303.796,2022,5,3.6,1.33,291.268,353.015,207270515.8,291.268,77049.0,131202,74580.0,48.021,17.1281205454528,17.1281205454528
2022-06-01,304.755,2022,6,3.6,1.87,294.728,349.8,207394728.3,294.728,77462.0,131202,74580.0,48.021,17.1281205454528,17.1281205454528
2022-07-01,303.714,2022,7,3.5,2.5,294.628,346.79,207407819.6,294.628,77875.0,131202,74580.0,48.021,17.1281205454528,17.1281205454528
2022-08-01,301.596,2022,8,3.7,2.76,295.32,342.753,207370651.0,295.32,78250.0,131202,74580.0,48.021,17.1281205454528,17.1281205454528
2022-09-01,299.38,2022,9,3.5,3.21,296.539,336.464,207453580.5,296.539,78625.0,131202,74580.0,48.021,17.1281205454528,17.1281205454528
2022-10-01,298.922,2022,10,3.7,3.85,297.987,333.796,207431164.7,297.987,79000.0,131202,74580.0,48.021,17.1281205454528,17.1281205454528
2022-11-01,298.312,2022,11,3.6,4.46,298.598,330.369,207521914.2,298.598,79375.33333333333,131202,74580.0,48.021,17.1281205454528,17.1281205454528
2022-12-01,297.471,2022,12,3.5,4.51,298.99,326.449,207524486.3,298.99,79750.66666666667,131202,74580.0,48.021,17.1281205454528,17.1281205454528
